Date,Inventory_Level
01/01/17,29154
02/01/17,55036
03/01/17,83609
04/01/17,105607
05/01/17,143171
06/01/17,177813
07/01/17,222539
08/01/17,248947
09/01/17,269949
10/01/17,282083
11/01/17,319671
12/01/17,331018
13/01/17,360849
14/01/17,390936
15/01/17,407388
16/01/17,428970
17/01/17,445613
18/01/17,473254
19/01/17,491814
20/01/17,495709
21/01/17,513254
22/01/17,535665
23/01/17,538949
24/01/17,562751
25/01/17,575776
26/01/17,562245
27/01/17,551207
28/01/17,542921
29/01/17,585139
30/01/17,581735
31/01/17,555732
01/02/17,558393
02/02/17,558334
03/02/17,541720
04/02/17,540056
05/02/17,542846
06/02/17,528302
07/02/17,513581
08/02/17,503420
09/02/17,507818
10/02/17,512310
11/02/17,507455
12/02/17,522765
13/02/17,530392
14/02/17,518840
15/02/17,528547
16/02/17,538961
17/02/17,540280
18/02/17,540629
19/02/17,534900
20/02/17,529953
21/02/17,533428
22/02/17,536950
23/02/17,530356
24/02/17,513893
25/02/17,520196
26/02/17,504771
27/02/17,497596
28/02/17,485695
01/03/17,508314
02/03/17,496698
03/03/17,477665
04/03/17,470575
05/03/17,448024
06/03/17,439287
07/03/17,439696
08/03/17,428199
09/03/17,401245
10/03/17,420456
11/03/17,429469
12/03/17,408481
13/03/17,407898
14/03/17,377477
15/03/17,359097
16/03/17,361289
17/03/17,364939
18/03/17,358519
19/03/17,373117
20/03/17,389076
21/03/17,397627
22/03/17,392778
23/03/17,402562
24/03/17,419657
25/03/17,402259
26/03/17,425523
27/03/17,431043
28/03/17,460833
29/03/17,471132
30/03/17,465613
31/03/17,478554
01/04/17,472776
02/04/17,473502
03/04/17,456604
04/04/17,447563
05/04/17,451934
06/04/17,451939
07/04/17,441801
08/04/17,421392
09/04/17,417689
10/04/17,405810
11/04/17,410369
12/04/17,406484
13/04/17,408839
14/04/17,423160
15/04/17,428273
16/04/17,436395
17/04/17,453879
18/04/17,475528
19/04/17,476609
20/04/17,472338
21/04/17,499755
22/04/17,488521
23/04/17,480852
24/04/17,488320
25/04/17,499102
26/04/17,500687
27/04/17,499655
28/04/17,492391
29/04/17,473648
30/04/17,471731
01/05/17,449647
02/05/17,452797
03/05/17,464681
04/05/17,466461
05/05/17,440255
06/05/17,467296
07/05/17,454788
08/05/17,459422
09/05/17,468944
10/05/17,443231
11/05/17,437797
12/05/17,430902
13/05/17,405484
14/05/17,383561
15/05/17,378296
16/05/17,377563
17/05/17,389053
18/05/17,394249
19/05/17,387257
20/05/17,377634
21/05/17,372009
22/05/17,365280
23/05/17,371074
24/05/17,377732
25/05/17,379754
26/05/17,370875
27/05/17,394186
28/05/17,404413
29/05/17,389073
30/05/17,397229
31/05/17,399189
01/06/17,392844
02/06/17,394970
03/06/17,400304
04/06/17,410826
05/06/17,413039
06/06/17,403562
07/06/17,399191
08/06/17,408434
09/06/17,433184
10/06/17,428679
11/06/17,423409
12/06/17,413183
13/06/17,405831
14/06/17,392640
15/06/17,407799
16/06/17,400429
17/06/17,401628
18/06/17,418564
19/06/17,423683
20/06/17,412524
21/06/17,405480
22/06/17,394772
23/06/17,365590
24/06/17,377558
25/06/17,372545
26/06/17,363321
27/06/17,345618
28/06/17,335659
29/06/17,329628
30/06/17,332858
01/07/17,321666
02/07/17,319054
03/07/17,315802
04/07/17,310003
05/07/17,329696
06/07/17,335369
07/07/17,339878
08/07/17,339683
09/07/17,356825
10/07/17,370966
11/07/17,352183
12/07/17,356301
13/07/17,355626
14/07/17,351367
15/07/17,352693
16/07/17,346354
17/07/17,351904
18/07/17,355523
19/07/17,336706
20/07/17,318853
21/07/17,318538
22/07/17,312995
23/07/17,333576
24/07/17,329898
25/07/17,314526
26/07/17,324945
27/07/17,335887
28/07/17,344283
29/07/17,337247
30/07/17,331093
31/07/17,339971
01/08/17,357810
02/08/17,358119
03/08/17,357044
04/08/17,376045
05/08/17,375879
06/08/17,402966
07/08/17,418121
08/08/17,424365
09/08/17,436015
10/08/17,438287
11/08/17,439412
12/08/17,442898
13/08/17,459862
14/08/17,460124
15/08/17,449075
16/08/17,446308
17/08/17,426523
18/08/17,442947
19/08/17,432148
20/08/17,434099
21/08/17,445596
22/08/17,446964
23/08/17,443040
24/08/17,443420
25/08/17,456252
26/08/17,448526
27/08/17,460693
28/08/17,468003
29/08/17,474095
30/08/17,464045
31/08/17,465900
01/09/17,460396
02/09/17,469187
03/09/17,462176
04/09/17,469661
05/09/17,468699
06/09/17,475388
07/09/17,464108
08/09/17,474168
09/09/17,482481
10/09/17,498543
11/09/17,506421
12/09/17,509476
13/09/17,489419
14/09/17,481982
15/09/17,464632
16/09/17,465497
17/09/17,468007
18/09/17,470637
19/09/17,468092
20/09/17,442338
21/09/17,430342
22/09/17,409848
23/09/17,398082
24/09/17,385572
25/09/17,382128
26/09/17,407288
27/09/17,417909
28/09/17,411730
29/09/17,415536
30/09/17,391002
01/10/17,401509
02/10/17,392596
03/10/17,377118
04/10/17,380605
05/10/17,369078
06/10/17,364514
07/10/17,351837
08/10/17,362923
09/10/17,370462
10/10/17,370788
11/10/17,371004
12/10/17,387621
13/10/17,386396
14/10/17,401070
15/10/17,385612
16/10/17,372004
17/10/17,389611
18/10/17,385629
19/10/17,386883
20/10/17,391706
21/10/17,383789
22/10/17,380977
23/10/17,394367
24/10/17,402660
25/10/17,393498
26/10/17,395004
27/10/17,397991
28/10/17,400737
29/10/17,403510
30/10/17,407486
31/10/17,410342
01/11/17,400655
02/11/17,401385
03/11/17,392970
04/11/17,399343
05/11/17,403592
06/11/17,363681
07/11/17,351336
08/11/17,359582
09/11/17,363260
10/11/17,369759
11/11/17,391484
12/11/17,409060
13/11/17,399353
14/11/17,395064
15/11/17,404937
16/11/17,409256
17/11/17,405133
18/11/17,398123
19/11/17,398676
20/11/17,386101
21/11/17,391870
22/11/17,370778
23/11/17,367836
24/11/17,366655
25/11/17,370654
26/11/17,391571
27/11/17,400188
28/11/17,432613
29/11/17,446812
30/11/17,474427
01/12/17,480405
02/12/17,479516
03/12/17,497038
04/12/17,481771
05/12/17,475985
06/12/17,465901
07/12/17,460385
08/12/17,442711
09/12/17,445022
10/12/17,469637
11/12/17,444337
12/12/17,468821
13/12/17,460749
14/12/17,480301
15/12/17,471533
16/12/17,485343
17/12/17,499485
18/12/17,510048
19/12/17,531323
20/12/17,527692
21/12/17,547760
22/12/17,546946
23/12/17,553577
24/12/17,535228
25/12/17,543780
26/12/17,542757
27/12/17,542183
28/12/17,533055
29/12/17,517288
30/12/17,520111
31/12/17,519567
01/01/18,538219
02/01/18,532782
03/01/18,539753
04/01/18,546283
05/01/18,532611
06/01/18,557517
07/01/18,573111
08/01/18,602069
09/01/18,605556
10/01/18,603948
11/01/18,603650
12/01/18,601088
13/01/18,616770
14/01/18,620921
15/01/18,593580
16/01/18,567585
17/01/18,579961
18/01/18,570773
19/01/18,605086
20/01/18,621181
21/01/18,639592
22/01/18,647718
23/01/18,667112
24/01/18,669039
25/01/18,673138
26/01/18,657054
27/01/18,667043
28/01/18,687887
29/01/18,681856
30/01/18,698663
31/01/18,696123
01/02/18,673403
02/02/18,690692
03/02/18,670189
04/02/18,640532
05/02/18,616308
06/02/18,635712
07/02/18,625483
08/02/18,627303
09/02/18,612212
10/02/18,596301
11/02/18,584815
12/02/18,582013
13/02/18,582231
14/02/18,578944
15/02/18,578473
16/02/18,590243
17/02/18,600438
18/02/18,605590
19/02/18,581242
20/02/18,578329
21/02/18,572153
22/02/18,570819
23/02/18,584748
24/02/18,580540
25/02/18,563824
26/02/18,567370
27/02/18,572729
28/02/18,552886
01/03/18,545915
02/03/18,529293
03/03/18,524326
04/03/18,548399
05/03/18,561868
06/03/18,568640
07/03/18,543710
08/03/18,539829
09/03/18,527202
10/03/18,552181
11/03/18,551971
12/03/18,529272
13/03/18,529845
14/03/18,538510
15/03/18,550121
16/03/18,529019
17/03/18,531910
18/03/18,528976
19/03/18,508527
20/03/18,482056
21/03/18,483373
22/03/18,473584
23/03/18,472363
24/03/18,480943
25/03/18,492457
26/03/18,502330
27/03/18,497867
28/03/18,509492
29/03/18,489710
30/03/18,506271
31/03/18,516652
01/04/18,488628
02/04/18,489480
03/04/18,502263
04/04/18,504035
05/04/18,502187
06/04/18,515257
07/04/18,527712
08/04/18,526984
09/04/18,519694
10/04/18,535604
11/04/18,532251
12/04/18,531790
13/04/18,545509
14/04/18,542899
15/04/18,539839
16/04/18,552078
17/04/18,554919
18/04/18,564510
19/04/18,564019
20/04/18,574981
21/04/18,563561
22/04/18,577921
23/04/18,570928
24/04/18,602707
25/04/18,607548
26/04/18,620309
27/04/18,622325
28/04/18,643253
29/04/18,640335
30/04/18,652722
01/05/18,638651
02/05/18,619451
03/05/18,602230
04/05/18,586690
05/05/18,594601
06/05/18,590646
07/05/18,576023
08/05/18,572064
09/05/18,592280
10/05/18,583499
11/05/18,591947
12/05/18,575131
13/05/18,549635
14/05/18,515196
15/05/18,514501
16/05/18,524143
17/05/18,525516
18/05/18,519133
19/05/18,499440
20/05/18,502472
21/05/18,510924
22/05/18,514259
23/05/18,520131
24/05/18,528631
25/05/18,524335
26/05/18,523978
27/05/18,529797
28/05/18,512621
29/05/18,526797
30/05/18,534059
31/05/18,549018
01/06/18,530729
02/06/18,519584
03/06/18,504310
04/06/18,506771
05/06/18,509383
06/06/18,519527
07/06/18,514271
08/06/18,520917
09/06/18,508266
10/06/18,495333
11/06/18,501137
12/06/18,508981
13/06/18,505093
14/06/18,509617
15/06/18,514937
16/06/18,487325
17/06/18,494972
18/06/18,491482
19/06/18,476603
20/06/18,480832
21/06/18,466623
22/06/18,462821
23/06/18,422190
24/06/18,410175
25/06/18,404905
26/06/18,413754
27/06/18,417044
28/06/18,403339
29/06/18,402369
30/06/18,412324
01/07/18,412890
02/07/18,409153
03/07/18,434499
04/07/18,439307
05/07/18,454290
06/07/18,473355
07/07/18,444473
08/07/18,446248
09/07/18,459179
10/07/18,462722
11/07/18,465916
12/07/18,479803
13/07/18,478840
14/07/18,471497
15/07/18,491673
16/07/18,495211
17/07/18,473542
18/07/18,478965
19/07/18,481699
20/07/18,493583
21/07/18,508705
22/07/18,510238
23/07/18,506098
24/07/18,516661
25/07/18,503147
26/07/18,504012
27/07/18,502758
28/07/18,521055
29/07/18,507996
30/07/18,512898
31/07/18,504922
01/08/18,501938
02/08/18,496305
03/08/18,482212
04/08/18,483445
05/08/18,481467
06/08/18,498484
07/08/18,498758
08/08/18,493910
09/08/18,495590
10/08/18,495580
11/08/18,523123
12/08/18,523945
13/08/18,534654
14/08/18,529148
15/08/18,545574
16/08/18,553059
17/08/18,561448
18/08/18,565886
19/08/18,543210
20/08/18,524806
21/08/18,517351
22/08/18,518141
23/08/18,550569
24/08/18,561474
25/08/18,577678
26/08/18,562540
27/08/18,553946
28/08/18,541974
29/08/18,550914
30/08/18,546358
31/08/18,549224
01/09/18,553174
02/09/18,561079
03/09/18,562324
04/09/18,534510
05/09/18,520242
06/09/18,517512
07/09/18,488702
08/09/18,482086
09/09/18,479863
10/09/18,490768
11/09/18,498040
12/09/18,511733
13/09/18,504907
14/09/18,504521
15/09/18,516885
16/09/18,516546
17/09/18,529794
18/09/18,527492
19/09/18,534015
20/09/18,519668
21/09/18,522517
22/09/18,522246
23/09/18,521420
24/09/18,516678
25/09/18,507522
26/09/18,527782
27/09/18,524806
28/09/18,549219
29/09/18,548519
30/09/18,533254
01/10/18,539525
02/10/18,552997
03/10/18,545683
04/10/18,520567
05/10/18,531477
06/10/18,513571
07/10/18,514089
08/10/18,522485
09/10/18,529280
10/10/18,525566
11/10/18,522787
12/10/18,512067
13/10/18,502616
14/10/18,507633
15/10/18,494903
16/10/18,478877
17/10/18,496241
18/10/18,499232
19/10/18,475640
20/10/18,478492
21/10/18,488441
22/10/18,496914
23/10/18,503446
24/10/18,510294
25/10/18,509403
26/10/18,511036
27/10/18,510533
28/10/18,532554
29/10/18,536336
30/10/18,551583
31/10/18,561690
01/11/18,584189
02/11/18,579405
03/11/18,569431
04/11/18,554569
05/11/18,575042
06/11/18,562081
07/11/18,566707
08/11/18,562655
09/11/18,562776
10/11/18,588020
11/11/18,586027
12/11/18,595708
13/11/18,597935
14/11/18,579058
15/11/18,595070
16/11/18,607531
17/11/18,600472
18/11/18,593739
19/11/18,585256
20/11/18,575706
21/11/18,576022
22/11/18,584892
23/11/18,567405
24/11/18,565728
25/11/18,575594
26/11/18,585788
27/11/18,573731
28/11/18,579495
29/11/18,597244
30/11/18,601882
01/12/18,630755
02/12/18,619021
03/12/18,623019
04/12/18,625468
05/12/18,628485
06/12/18,640081
07/12/18,644402
08/12/18,652500
09/12/18,689610
10/12/18,714998
11/12/18,726935
12/12/18,738444
13/12/18,743052
14/12/18,750773
15/12/18,774915
16/12/18,781781
17/12/18,793879
18/12/18,796181
19/12/18,810340
20/12/18,831022
21/12/18,832586
22/12/18,847823
23/12/18,834005
24/12/18,826875
25/12/18,836205
26/12/18,823878
27/12/18,831601
28/12/18,838379
29/12/18,817432
30/12/18,806904
31/12/18,776298
01/01/19,780303
02/01/19,786722
03/01/19,793735
04/01/19,752065
05/01/19,776184
06/01/19,752946
07/01/19,752704
08/01/19,732262
09/01/19,732635
10/01/19,733896
11/01/19,723660
12/01/19,704215
13/01/19,690442
14/01/19,681598
15/01/19,697852
16/01/19,739167
17/01/19,735497
18/01/19,745742
19/01/19,726918
20/01/19,718398
21/01/19,693622
22/01/19,688921
23/01/19,680815
24/01/19,684502
25/01/19,654288
26/01/19,670469
27/01/19,680585
28/01/19,684113
29/01/19,675719
30/01/19,670720
31/01/19,689434
01/02/19,701758
02/02/19,716410
03/02/19,694236
04/02/19,687928
05/02/19,692614
06/02/19,702834
07/02/19,675277
08/02/19,669889
09/02/19,683193
10/02/19,682005
11/02/19,664477
12/02/19,661034
13/02/19,639629
14/02/19,625546
15/02/19,627602
16/02/19,605449
17/02/19,579167
18/02/19,563579
19/02/19,551599
20/02/19,587048
21/02/19,579908
22/02/19,591332
23/02/19,599828
24/02/19,590230
25/02/19,572985
26/02/19,560838
27/02/19,548556
28/02/19,552302
01/03/19,542571
02/03/19,537905
03/03/19,540250
04/03/19,531934
05/03/19,545450
06/03/19,556496
07/03/19,548773
08/03/19,551852
09/03/19,554386
10/03/19,555318
11/03/19,549428
12/03/19,550633
13/03/19,543928
14/03/19,534866
15/03/19,562576
16/03/19,582298
17/03/19,576049
18/03/19,578223
19/03/19,580105
20/03/19,591020
21/03/19,578945
22/03/19,570276
23/03/19,561713
24/03/19,576810
25/03/19,585404
26/03/19,600797
27/03/19,585682
28/03/19,587833
29/03/19,601889
30/03/19,569890
31/03/19,564151
01/04/19,575026
02/04/19,587117
03/04/19,583535
04/04/19,591492
05/04/19,575296
06/04/19,571131
07/04/19,589360
08/04/19,604398
09/04/19,609815
10/04/19,602150
11/04/19,596814
12/04/19,572189
13/04/19,565355
14/04/19,563535
15/04/19,571745
16/04/19,566152
17/04/19,569334
18/04/19,572736
19/04/19,578358
20/04/19,558624
21/04/19,574384
22/04/19,548374
23/04/19,565833
24/04/19,583439
25/04/19,564809
26/04/19,562666
27/04/19,568083
28/04/19,561443
29/04/19,555283
30/04/19,553545
01/05/19,552068
02/05/19,569648
03/05/19,595765
04/05/19,596693
05/05/19,606641
06/05/19,607482
07/05/19,630159
08/05/19,638652
09/05/19,670425
10/05/19,680746
11/05/19,649454
12/05/19,646654
13/05/19,638312
14/05/19,639285
15/05/19,628279
16/05/19,623743
17/05/19,591459
18/05/19,609382
19/05/19,615268
20/05/19,609277
21/05/19,615296
22/05/19,612435
23/05/19,605797
24/05/19,582258
25/05/19,569005
26/05/19,554523
27/05/19,541814
28/05/19,525039
29/05/19,541922
30/05/19,560003
31/05/19,563741
01/06/19,558786
02/06/19,568496
03/06/19,571217
04/06/19,559626
05/06/19,568349
06/06/19,553817
07/06/19,549120
08/06/19,554396
09/06/19,558256
10/06/19,536885
11/06/19,508511
12/06/19,511053
13/06/19,495649
14/06/19,469551
15/06/19,484098
16/06/19,490086
17/06/19,512251
18/06/19,516959
19/06/19,514772
20/06/19,517850
21/06/19,520233
22/06/19,518534
23/06/19,520290
24/06/19,513814
25/06/19,535427
26/06/19,526345
27/06/19,526165
28/06/19,518822
29/06/19,535730
30/06/19,520302
01/07/19,538690
02/07/19,526970
03/07/19,520154
04/07/19,516489
05/07/19,510518
06/07/19,510394
07/07/19,522871
08/07/19,528372
09/07/19,541436
10/07/19,554753
11/07/19,552995
12/07/19,553166
13/07/19,545224
14/07/19,530605
15/07/19,515558
16/07/19,518899
17/07/19,532125
18/07/19,537073
19/07/19,547803
20/07/19,549404
21/07/19,536112
22/07/19,523460
23/07/19,526665
24/07/19,530354
25/07/19,543138
26/07/19,563314
27/07/19,555998
28/07/19,553579
29/07/19,555398
30/07/19,549087
31/07/19,528861
01/08/19,533029
02/08/19,536621
03/08/19,544900
04/08/19,546788
05/08/19,563811
06/08/19,557043
07/08/19,540241
08/08/19,560729
09/08/19,551075
10/08/19,548170
11/08/19,527116
12/08/19,530170
13/08/19,523366
14/08/19,546794
15/08/19,543471
16/08/19,557825
17/08/19,581955
18/08/19,601221
19/08/19,582020
20/08/19,589746
21/08/19,593514
22/08/19,571567
23/08/19,589533
24/08/19,596764
25/08/19,608468
26/08/19,635758
27/08/19,670092
28/08/19,667732
29/08/19,682790
30/08/19,697133
31/08/19,718575
01/09/19,701047
02/09/19,668703
03/09/19,654095
04/09/19,685540
05/09/19,658710
06/09/19,641733
07/09/19,633069
08/09/19,640948
09/09/19,649246
10/09/19,622160
11/09/19,619132
12/09/19,596728
13/09/19,592887
14/09/19,576813
15/09/19,578391
16/09/19,563890
17/09/19,538435
18/09/19,542950
19/09/19,522471
20/09/19,502049
21/09/19,488007
22/09/19,505102
23/09/19,509416
24/09/19,513755
25/09/19,524868
26/09/19,527926
27/09/19,502236
28/09/19,496707
29/09/19,501770
30/09/19,504331
01/10/19,521218
02/10/19,521243
03/10/19,529616
04/10/19,531170
05/10/19,528791
06/10/19,525166
07/10/19,550580
08/10/19,573994
09/10/19,576758
10/10/19,581573
11/10/19,585798
12/10/19,589440
13/10/19,600793
14/10/19,593393
15/10/19,605726
16/10/19,596973
17/10/19,594223
18/10/19,578968
19/10/19,572263
20/10/19,584658
21/10/19,548842
22/10/19,550664
23/10/19,538150
24/10/19,534537
25/10/19,552669
26/10/19,573439
27/10/19,575430
28/10/19,581785
29/10/19,574982
30/10/19,585612
31/10/19,580070
01/11/19,582617
02/11/19,563548
03/11/19,572841
04/11/19,566516
05/11/19,546949
06/11/19,576995
07/11/19,581599
08/11/19,576609
09/11/19,592289
10/11/19,583795
11/11/19,576198
12/11/19,593281
13/11/19,560297
14/11/19,571342
15/11/19,574085
16/11/19,564722
17/11/19,588893
18/11/19,589547
19/11/19,612023
20/11/19,609251
21/11/19,632635
22/11/19,638018
23/11/19,645362
24/11/19,645025
25/11/19,634215
26/11/19,612117
27/11/19,606342
28/11/19,598458
29/11/19,616219
30/11/19,640019
01/12/19,648833
02/12/19,671602
03/12/19,674589
04/12/19,676773
05/12/19,675153
06/12/19,675510
07/12/19,679092
08/12/19,652357
09/12/19,628510
10/12/19,647269
11/12/19,639694
12/12/19,636625
13/12/19,636915
14/12/19,622297
15/12/19,641109
16/12/19,630165
17/12/19,642873
18/12/19,650269
19/12/19,605221
20/12/19,627429
21/12/19,612861
22/12/19,632471
23/12/19,644661
24/12/19,647427
25/12/19,646753
26/12/19,652895
27/12/19,656695
28/12/19,656986
29/12/19,667456
30/12/19,653075
31/12/19,650229
01/01/20,646134
02/01/20,657187
03/01/20,649443
04/01/20,642610
05/01/20,661152
06/01/20,685585
07/01/20,672339
08/01/20,658836
09/01/20,650997
10/01/20,640089
11/01/20,631473
12/01/20,644903
13/01/20,664431
14/01/20,696472
15/01/20,726490
16/01/20,741758
17/01/20,743504
18/01/20,736569
19/01/20,781366
20/01/20,798904
21/01/20,788624
22/01/20,789268
23/01/20,777851
24/01/20,796363
25/01/20,791939
26/01/20,792260
27/01/20,757595
28/01/20,750210
29/01/20,738200
30/01/20,737336
31/01/20,759234
01/02/20,756370
02/02/20,732577
03/02/20,735067
04/02/20,755131
05/02/20,760867
06/02/20,760339
07/02/20,759120
08/02/20,767581
09/02/20,763365
10/02/20,743455
11/02/20,737599
12/02/20,721725
13/02/20,735938
14/02/20,726832
15/02/20,708320
16/02/20,707525
17/02/20,685247
18/02/20,695944
19/02/20,691613
20/02/20,671075
21/02/20,651760
22/02/20,650646
23/02/20,635235
24/02/20,648139
25/02/20,642493
26/02/20,628874
27/02/20,633865
28/02/20,650255
29/02/20,672429
01/03/20,644734
02/03/20,635075
03/03/20,646282
04/03/20,662453
05/03/20,653943
06/03/20,664479
07/03/20,679112
08/03/20,660664
09/03/20,648792
10/03/20,682492
11/03/20,698333
12/03/20,684415
13/03/20,688998
14/03/20,686134
15/03/20,669991
16/03/20,657904
17/03/20,670404
18/03/20,667659
19/03/20,639432
20/03/20,658331
21/03/20,641442
22/03/20,647861
23/03/20,648817
24/03/20,654391
25/03/20,672395
26/03/20,668653
27/03/20,650665
28/03/20,639882
29/03/20,628323
30/03/20,640763
31/03/20,608517
01/04/20,602093
02/04/20,612654
03/04/20,620969
04/04/20,610434
05/04/20,626812
06/04/20,613864
07/04/20,604230
08/04/20,608573
09/04/20,632238
10/04/20,621321
11/04/20,628468
12/04/20,633146
13/04/20,614513
14/04/20,639562
15/04/20,624088
16/04/20,616276
17/04/20,612836
18/04/20,615374
19/04/20,613086
20/04/20,613787
21/04/20,621969
22/04/20,621030
23/04/20,619342
24/04/20,615220
25/04/20,633709
26/04/20,660409
27/04/20,666194
28/04/20,659199
29/04/20,644158
30/04/20,690963
01/05/20,696539
02/05/20,688927
03/05/20,684054
04/05/20,672635
05/05/20,669790
06/05/20,649276
07/05/20,648775
08/05/20,648840
09/05/20,646902
10/05/20,651019
11/05/20,664246
12/05/20,675882
13/05/20,673408
14/05/20,663621
15/05/20,643384
16/05/20,638775
17/05/20,641422
18/05/20,646710
19/05/20,621546
20/05/20,602870
21/05/20,597542
22/05/20,594871
23/05/20,583997
24/05/20,564221
25/05/20,568765
26/05/20,572894
27/05/20,575169
28/05/20,563316
29/05/20,558505
30/05/20,563923
31/05/20,563183
01/06/20,555163
02/06/20,547519
03/06/20,564763
04/06/20,566688
05/06/20,555212
06/06/20,562117
07/06/20,573324
08/06/20,576627
09/06/20,561705
10/06/20,561625
11/06/20,557295
12/06/20,548684
13/06/20,567539
14/06/20,576976
15/06/20,559404
16/06/20,530953
17/06/20,511612
18/06/20,512295
19/06/20,506899
20/06/20,494320
21/06/20,488667
22/06/20,503827
23/06/20,500815
24/06/20,513005
25/06/20,494123
26/06/20,485281
27/06/20,478577
28/06/20,483802
29/06/20,484873
30/06/20,474907
01/07/20,472134
02/07/20,477471
03/07/20,474643
04/07/20,476516
05/07/20,473184
06/07/20,473283
07/07/20,487559
08/07/20,478738
09/07/20,505893
10/07/20,515999
11/07/20,507774
12/07/20,509388
13/07/20,527615
14/07/20,515198
15/07/20,515234
16/07/20,538002
17/07/20,539888
18/07/20,540259
19/07/20,550818
20/07/20,541187
21/07/20,553539
22/07/20,538786
23/07/20,542409
24/07/20,553385
25/07/20,543316
26/07/20,538218
27/07/20,506306
28/07/20,496355
29/07/20,500386
30/07/20,509089
31/07/20,488056
01/08/20,514658
02/08/20,552662
03/08/20,550962
04/08/20,577704
05/08/20,610624
06/08/20,605811
07/08/20,612213
08/08/20,583236
09/08/20,569120
10/08/20,537635
11/08/20,551050
12/08/20,566718
13/08/20,625693
14/08/20,657004
15/08/20,661570
16/08/20,672992
17/08/20,654808
18/08/20,667568
19/08/20,683320
20/08/20,657922
21/08/20,660005
22/08/20,671334
23/08/20,680492
24/08/20,673421
25/08/20,661509
26/08/20,665989
27/08/20,681986
28/08/20,676860
29/08/20,670374
30/08/20,681896
31/08/20,674783
01/09/20,683437
02/09/20,664764
03/09/20,681167
04/09/20,688453
05/09/20,674611
06/09/20,688741
07/09/20,671881
08/09/20,663056
09/09/20,676959
10/09/20,698385
11/09/20,675687
12/09/20,691354
13/09/20,720005
14/09/20,738479
15/09/20,726559
16/09/20,719975
17/09/20,731134
18/09/20,720536
19/09/20,727447
20/09/20,735983
21/09/20,741521
22/09/20,745429
23/09/20,721171
24/09/20,752421
25/09/20,736245
26/09/20,727500
27/09/20,740809
28/09/20,732116
29/09/20,701421
30/09/20,702129
01/10/20,691988
02/10/20,673880
03/10/20,647883
04/10/20,645309
05/10/20,668338
06/10/20,663612
07/10/20,643523
08/10/20,633658
09/10/20,612271
10/10/20,623066
11/10/20,619989
12/10/20,626154
13/10/20,604450
14/10/20,608257
15/10/20,623080
16/10/20,612638
17/10/20,611928
18/10/20,621877
19/10/20,612480
20/10/20,614679
21/10/20,602581
22/10/20,606270
23/10/20,578757
24/10/20,574631
25/10/20,570707
26/10/20,575966
27/10/20,579028
28/10/20,570233
29/10/20,595960
30/10/20,625810
31/10/20,641963
01/11/20,640581
02/11/20,639419
03/11/20,655808
04/11/20,632500
05/11/20,631875
06/11/20,622133
07/11/20,616307
08/11/20,643192
09/11/20,660923
10/11/20,656448
11/11/20,662357
12/11/20,651204
13/11/20,627641
14/11/20,616800
15/11/20,654006
16/11/20,661897
17/11/20,665409
18/11/20,686240
19/11/20,708819
20/11/20,733205
21/11/20,741435
22/11/20,756805
23/11/20,750863
24/11/20,754510
25/11/20,757617
26/11/20,763776
27/11/20,762160
28/11/20,770746
29/11/20,751920
30/11/20,760990
01/12/20,757561
02/12/20,760161
03/12/20,782565
04/12/20,782484
05/12/20,771279
06/12/20,789904
07/12/20,812829
08/12/20,797468
09/12/20,765862
10/12/20,752554
11/12/20,736693
12/12/20,701992
13/12/20,708128
14/12/20,715418
15/12/20,701081
16/12/20,716137
17/12/20,735684
18/12/20,716872
19/12/20,730130
20/12/20,760549
21/12/20,776137
22/12/20,768203
23/12/20,770223
24/12/20,758926
25/12/20,784446
26/12/20,805919
27/12/20,807194
28/12/20,785584
29/12/20,792325
30/12/20,807633
31/12/20,841716
01/01/21,842973
02/01/21,869205
03/01/21,849315
04/01/21,838910
05/01/21,831056
06/01/21,842055
07/01/21,828747
08/01/21,790118
09/01/21,812088
10/01/21,798837
11/01/21,771826
12/01/21,770418
13/01/21,789213
14/01/21,813935
15/01/21,797046
16/01/21,792317
17/01/21,776134
18/01/21,804649
19/01/21,820404
20/01/21,824812
21/01/21,813559
22/01/21,797281
23/01/21,816431
24/01/21,799763
25/01/21,777537
26/01/21,758083
27/01/21,763792
28/01/21,787202
29/01/21,821954
30/01/21,809846
31/01/21,802316
01/02/21,798387
02/02/21,796245
03/02/21,815030
04/02/21,807158
05/02/21,807356
06/02/21,784601
07/02/21,737276
08/02/21,737316
09/02/21,703389
10/02/21,712091
11/02/21,707578
12/02/21,691643
13/02/21,689078
14/02/21,695735
15/02/21,704858
16/02/21,700066
17/02/21,703391
18/02/21,700844
19/02/21,705466
20/02/21,678820
21/02/21,673173
22/02/21,646761
23/02/21,650067
24/02/21,659953
25/02/21,642534
26/02/21,658951
27/02/21,651630
28/02/21,653173
01/03/21,605785
02/03/21,606761
03/03/21,625425
04/03/21,592980
05/03/21,592431
06/03/21,580993
07/03/21,585563
08/03/21,603765
09/03/21,589552
10/03/21,601279
11/03/21,601723
12/03/21,621690
13/03/21,627364
14/03/21,614712
15/03/21,635057
16/03/21,647393
17/03/21,643619
18/03/21,630714
19/03/21,655301
20/03/21,653654
21/03/21,638909
22/03/21,603544
23/03/21,605798
24/03/21,599233
25/03/21,625002
26/03/21,632337
27/03/21,655575
28/03/21,672947
29/03/21,659439
30/03/21,644785
31/03/21,651408
01/04/21,657682
02/04/21,645318
03/04/21,666735
04/04/21,652932
05/04/21,650630
06/04/21,655071
07/04/21,654929
08/04/21,643735
09/04/21,609665
10/04/21,613664
11/04/21,614609
12/04/21,604057
13/04/21,602518
14/04/21,615830
15/04/21,610108
16/04/21,605722
17/04/21,603195
18/04/21,598787
19/04/21,614956
20/04/21,601461
21/04/21,626624
22/04/21,643229
23/04/21,640928
24/04/21,664142
25/04/21,648117
26/04/21,644201
27/04/21,659722
28/04/21,667066
29/04/21,675233
30/04/21,668317
01/05/21,658924
02/05/21,663981
03/05/21,657275
04/05/21,679318
05/05/21,667971
06/05/21,683967
07/05/21,701937
08/05/21,689311
09/05/21,682157
10/05/21,702257
11/05/21,717673
12/05/21,733133
13/05/21,731065
14/05/21,717928
15/05/21,715566
16/05/21,705045
17/05/21,699527
18/05/21,697017
19/05/21,693293
20/05/21,699502
21/05/21,679706
22/05/21,683197
23/05/21,678535
24/05/21,677175
25/05/21,667200
26/05/21,687881
27/05/21,694349
28/05/21,675200
29/05/21,674282
30/05/21,671610
31/05/21,660426
01/06/21,638832
02/06/21,598305
03/06/21,586735
04/06/21,570089
05/06/21,548515
06/06/21,548353
07/06/21,516227
08/06/21,538858
09/06/21,513431
10/06/21,516301
11/06/21,555081
12/06/21,545750
13/06/21,530993
14/06/21,528806
15/06/21,522839
16/06/21,514687
17/06/21,494863
18/06/21,502861
19/06/21,504710
20/06/21,500369
21/06/21,527448
22/06/21,555984
23/06/21,559303
24/06/21,564215
25/06/21,568210
26/06/21,573371
27/06/21,571101
28/06/21,570446
29/06/21,582601
30/06/21,572270
01/07/21,563638
02/07/21,557202
03/07/21,563088
04/07/21,553611
05/07/21,557023
06/07/21,552809
07/07/21,554500
08/07/21,560406
09/07/21,564586
10/07/21,579389
11/07/21,582461
12/07/21,596682
13/07/21,598707
14/07/21,596707
15/07/21,568919
16/07/21,549646
17/07/21,540363
18/07/21,528224
19/07/21,536550
20/07/21,530588
21/07/21,533973
22/07/21,524125
23/07/21,523702
24/07/21,523061
25/07/21,539475
26/07/21,551222
27/07/21,554256
28/07/21,552186
29/07/21,562736
30/07/21,562196
31/07/21,552163
01/08/21,584712
02/08/21,572669
03/08/21,579302
04/08/21,613854
05/08/21,607895
06/08/21,634069
07/08/21,660543
08/08/21,684298
09/08/21,681658
10/08/21,683969
11/08/21,702875
12/08/21,710119
13/08/21,713995
14/08/21,686335
15/08/21,678167
16/08/21,654487
17/08/21,703858
18/08/21,696317
19/08/21,695274
20/08/21,679833
21/08/21,670480
22/08/21,679365
23/08/21,668252
24/08/21,666975
25/08/21,667519
26/08/21,663907
27/08/21,683517
28/08/21,664272
29/08/21,662769
30/08/21,663248
31/08/21,688138
01/09/21,693478
02/09/21,679182
03/09/21,667024
04/09/21,634997
05/09/21,646414
06/09/21,651533
07/09/21,649476
08/09/21,642942
09/09/21,652021
10/09/21,646125
11/09/21,638671
12/09/21,652539
13/09/21,632627
14/09/21,635758
15/09/21,626511
16/09/21,622849
17/09/21,680191
18/09/21,657634
19/09/21,652002
20/09/21,642792
21/09/21,638914
22/09/21,657163
23/09/21,653057
24/09/21,656589
25/09/21,675509
26/09/21,688610
27/09/21,678939
28/09/21,676168
29/09/21,664145
30/09/21,663105
01/10/21,657916
02/10/21,644959
03/10/21,635876
04/10/21,634575
05/10/21,629546
06/10/21,589371
07/10/21,592511
08/10/21,591523
09/10/21,577304
10/10/21,614393
11/10/21,598543
12/10/21,601149
13/10/21,606203
14/10/21,617069
15/10/21,634190
16/10/21,644591
17/10/21,649350
18/10/21,613562
19/10/21,621632
20/10/21,639254
21/10/21,633997
22/10/21,662079
23/10/21,686847
24/10/21,717443
25/10/21,700241
26/10/21,700581
27/10/21,712106
28/10/21,720144
29/10/21,725447
30/10/21,727081
31/10/21,738174
01/11/21,759632
02/11/21,748704
03/11/21,772103
04/11/21,765774
05/11/21,770700
06/11/21,752651
07/11/21,764619
08/11/21,758381
09/11/21,749358
10/11/21,756764
11/11/21,762176
12/11/21,732793
13/11/21,720741
14/11/21,719719
15/11/21,705869
16/11/21,689633
17/11/21,661596
18/11/21,651394
19/11/21,677142
20/11/21,690139
21/11/21,697053
22/11/21,698781
23/11/21,702616
24/11/21,713541
25/11/21,716754
26/11/21,721823
27/11/21,738929
28/11/21,715135
29/11/21,706355
30/11/21,681541
01/12/21,702417
02/12/21,722499
03/12/21,731583
04/12/21,730671
05/12/21,737960
06/12/21,728901
07/12/21,740337
08/12/21,743352
09/12/21,737175
10/12/21,742358
11/12/21,730943
12/12/21,730775
13/12/21,738536
14/12/21,763784
15/12/21,749308
16/12/21,761771
17/12/21,779961
18/12/21,746271
19/12/21,730703
20/12/21,740080
21/12/21,745202
22/12/21,747991
23/12/21,751751
24/12/21,769035
25/12/21,783790
26/12/21,776653
27/12/21,800995
28/12/21,816394
29/12/21,828427
30/12/21,825997
31/12/21,821995
01/01/22,831392
02/01/22,860154
03/01/22,842924
04/01/22,846883
05/01/22,869941
06/01/22,896113
07/01/22,902899
08/01/22,896175
09/01/22,905977
10/01/22,898728
11/01/22,905999
12/01/22,851108
13/01/22,859035
14/01/22,843063
15/01/22,812003
16/01/22,823723
17/01/22,837011
18/01/22,842160
19/01/22,836270
20/01/22,857296
21/01/22,846742
22/01/22,848870
23/01/22,876822
24/01/22,903224
25/01/22,906340
26/01/22,910896
27/01/22,883110
28/01/22,872457
29/01/22,888808
30/01/22,922763
31/01/22,927741
01/02/22,913511
02/02/22,928535
03/02/22,936021
04/02/22,912586
05/02/22,923388
06/02/22,900910
07/02/22,898215
08/02/22,884933
09/02/22,834709
10/02/22,812674
11/02/22,788690
12/02/22,802052
13/02/22,770172
14/02/22,781793
15/02/22,766584
16/02/22,757617
17/02/22,728454
18/02/22,744596
19/02/22,717304
20/02/22,724276
21/02/22,736977
22/02/22,731319
23/02/22,728667
24/02/22,727775
25/02/22,746568
26/02/22,738561
27/02/22,744977
28/02/22,724681
01/03/22,728761
02/03/22,718133
03/03/22,710786
04/03/22,699570
05/03/22,706911
06/03/22,700420
07/03/22,701557
08/03/22,666155
09/03/22,677123
10/03/22,690117
11/03/22,684984
12/03/22,689133
13/03/22,674346
14/03/22,678748
15/03/22,689213
16/03/22,693845
17/03/22,696624
18/03/22,696736
19/03/22,686669
20/03/22,685096
21/03/22,668575
22/03/22,648825
23/03/22,642158
24/03/22,675521
25/03/22,656087
26/03/22,651497
27/03/22,632693
28/03/22,632399
29/03/22,639727
30/03/22,647019
31/03/22,634898
01/04/22,640101
02/04/22,657707
03/04/22,655549
04/04/22,663622
05/04/22,686844
06/04/22,689890
07/04/22,705203
08/04/22,699322
09/04/22,709297
10/04/22,726750
11/04/22,729613
12/04/22,725591
13/04/22,732610
14/04/22,743773
15/04/22,781721
16/04/22,782327
17/04/22,814978
18/04/22,798941
19/04/22,803714
20/04/22,785013
21/04/22,779645
22/04/22,787721
23/04/22,800084
24/04/22,782507
25/04/22,788645
26/04/22,758430
27/04/22,723121
28/04/22,733518
29/04/22,719574
30/04/22,745334
01/05/22,744837
02/05/22,729000
03/05/22,695167
04/05/22,703094
05/05/22,687044
06/05/22,699164
07/05/22,683678
08/05/22,687002
09/05/22,701449
10/05/22,704217
11/05/22,699960
12/05/22,692484
13/05/22,712298
14/05/22,735680
15/05/22,715428
16/05/22,707715
17/05/22,703463
18/05/22,688733
19/05/22,682306
20/05/22,703398
21/05/22,725817
22/05/22,715847
23/05/22,721096
24/05/22,725922
25/05/22,696110
26/05/22,682750
27/05/22,691587
28/05/22,702895
29/05/22,701993
30/05/22,684215
31/05/22,696384
01/06/22,696342
02/06/22,716144
03/06/22,737128
04/06/22,729939
05/06/22,706836
06/06/22,705390
07/06/22,720736
08/06/22,698624
09/06/22,710040
10/06/22,684717
11/06/22,691959
12/06/22,689241
13/06/22,688643
14/06/22,660742
15/06/22,647176
16/06/22,644645
17/06/22,663216
18/06/22,668463
19/06/22,673363
20/06/22,671791
21/06/22,666811
22/06/22,667255
23/06/22,633401
24/06/22,650475
25/06/22,656968
26/06/22,669112
27/06/22,652883
28/06/22,658655
29/06/22,665983
30/06/22,663438
01/07/22,661079
02/07/22,656992
03/07/22,639878
04/07/22,637377
05/07/22,647877
06/07/22,663062
07/07/22,635755
08/07/22,618952
09/07/22,648660
10/07/22,650394
11/07/22,660838
12/07/22,655337
13/07/22,675600
14/07/22,692060
15/07/22,694064
16/07/22,704390
17/07/22,697006
18/07/22,725648
19/07/22,726028
20/07/22,733259
21/07/22,732194
22/07/22,732209
23/07/22,717742
24/07/22,706002
25/07/22,718728
26/07/22,722854
27/07/22,738640
28/07/22,732111
29/07/22,734778
30/07/22,740493
31/07/22,727662
01/08/22,713407
02/08/22,713642
03/08/22,721234
04/08/22,711126
05/08/22,726278
06/08/22,732159
07/08/22,720929
08/08/22,719337
09/08/22,750516
10/08/22,741033
11/08/22,752183
12/08/22,784859
13/08/22,779522
14/08/22,763270
15/08/22,760719
16/08/22,764259
17/08/22,757093
18/08/22,788536
19/08/22,796837
20/08/22,781869
21/08/22,761032
22/08/22,781976
23/08/22,777602
24/08/22,789640
25/08/22,788522
26/08/22,796246
27/08/22,799774
28/08/22,818219
29/08/22,836936
30/08/22,808518
31/08/22,822615
01/09/22,814052
02/09/22,801885
03/09/22,814809
04/09/22,833202
05/09/22,813096
06/09/22,811161
07/09/22,804486
08/09/22,801098
09/09/22,774224
10/09/22,754962
11/09/22,767769
12/09/22,746108
13/09/22,742822
14/09/22,732485
15/09/22,743682
16/09/22,744178
17/09/22,723496
18/09/22,735642
19/09/22,741927
20/09/22,734904
21/09/22,728412
22/09/22,743572
23/09/22,761369
24/09/22,767886
25/09/22,766980
26/09/22,766463
27/09/22,755853
28/09/22,726152
29/09/22,732350
30/09/22,731947
01/10/22,723200
02/10/22,710027
03/10/22,705451
04/10/22,695090
05/10/22,698790
06/10/22,670741
07/10/22,683168
08/10/22,698232
09/10/22,717982
10/10/22,681997
11/10/22,692357
12/10/22,691349
13/10/22,679902
14/10/22,685111
15/10/22,692040
16/10/22,695529
17/10/22,684973
18/10/22,691425
19/10/22,689060
20/10/22,711653
21/10/22,749584
22/10/22,778113
23/10/22,771370
24/10/22,754147
25/10/22,732852
26/10/22,730903
27/10/22,724165
28/10/22,743526
29/10/22,751824
30/10/22,764811
31/10/22,737729
01/11/22,749363
02/11/22,752962
03/11/22,769095
04/11/22,767248
05/11/22,786971
06/11/22,785861
07/11/22,799692
08/11/22,802720
09/11/22,805703
10/11/22,815898
11/11/22,787187
12/11/22,773428
13/11/22,791839
14/11/22,798197
15/11/22,793602
16/11/22,792540
17/11/22,784441
18/11/22,757969
19/11/22,743630
20/11/22,725564
21/11/22,765171
22/11/22,762590
23/11/22,769162
24/11/22,767183
25/11/22,776361
26/11/22,777606
27/11/22,781612
28/11/22,795019
29/11/22,790791
30/11/22,782027
01/12/22,790666
02/12/22,803043
03/12/22,817250
04/12/22,839893
05/12/22,835507
06/12/22,835811
07/12/22,855127
08/12/22,850903
09/12/22,887986
10/12/22,914130
11/12/22,920907
12/12/22,906220
13/12/22,912904
14/12/22,925714
15/12/22,929893
16/12/22,929686
17/12/22,938998
18/12/22,935406
19/12/22,927329
20/12/22,936822
21/12/22,929400
22/12/22,956350
23/12/22,945175
24/12/22,936342
25/12/22,930526
26/12/22,971128
27/12/22,970543
28/12/22,947143
29/12/22,925720
30/12/22,929153
31/12/22,940582